INSERT INTO Productos (id, nombre, precio, stock)
VALUES
  (1, 'Nike Air Max 1', 129.99, 50),
  (2, 'Nike Air Force 1', 109.99, 100),
  (3, 'Nike Roshe Run', 79.99, 75),
  (4, 'Nike Free Run', 89.99, 60),
  (5, 'Nike Cortez', 99.99, 80),
  (6, 'Nike Air Jordan 1', 149.99, 30),
  (7, 'Nike Air Zoom Pegasus', 119.99, 70),
  (8, 'Nike React Element 55', 139.99, 90),
  (9, 'Nike Air Max 90', 129.99, 55),
  (10, 'Nike Blazer Mid', 99.99, 40),
  (11, 'Nike Dunk Low', 109.99, 60),
  (12, 'Nike Air Max 270', 149.99, 75),
  (13, 'Nike Air Max 97', 159.99, 50),
  (14, 'Nike Air Max 2090', 139.99, 80),
  (15, 'Nike Air VaporMax', 179.99, 65);

INSERT INTO Clientes (id, nombre, correo, direccion)
VALUES
  (1, 'Juan Pérez', 'juanperez@example.com', 'Calle Principal 123'),
  (2, 'María Gómez', 'mariagomez@example.com', 'Avenida Central 456'),
  (3, 'Carlos Rodríguez', 'carlosrodriguez@example.com', 'Plaza Mayor 789'),
  (4, 'Laura López', 'lauralopez@example.com', 'Calle del Sol 321'),
  (5, 'Pedro Martínez', 'pedromartinez@example.com', 'Avenida Norte 654'),
  (6, 'Ana Sánchez', 'anasanchez@example.com', 'Callejón Sur 987'),
  (7, 'Luis Torres', 'luistorres@example.com', 'Avenida Este 456'),
  (8, 'Sofía Ramírez', 'sofiaramirez@example.com', 'Calle Oeste 654'),
  (9, 'Jorge Herrera', 'jorgeherrera@example.com', 'Plaza Central 789'),
  (10, 'Mónica Castro', 'monicacastro@example.com', 'Calle Principal 123'),
  (11, 'Eduardo Silva', 'eduardosilva@example.com', 'Avenida Central 456'),
  (12, 'Isabel Muñoz', 'isabelmunoz@example.com', 'Plaza Mayor 789'),
  (13, 'Roberto Morales', 'robertomorales@example.com', 'Calle del Sol 321'),
  (14, 'Carmen Navarro', 'carmennavarro@example.com', 'Avenida Norte 654'),
  (15, 'Gabriela Ortega', 'gabrielaortega@example.com', 'Calle Sur 987'),
  (16, 'Andrea Fernández', 'andreafernandez@example.com', 'Calle Principal 456'),
  (17, 'Miguel Castro', 'miguelcastro@example.com', 'Avenida Central 789'),
  (18, 'Lucía Morales', 'luciamorales@example.com', 'Plaza Mayor 012'),
  (19, 'Diego Gutiérrez', 'diegogutierrez@example.com', 'Calle del Sol 345'),
  (20, 'Natalia Paredes', 'nataliaparedes@example.com', 'Avenida Norte 678'),
  (21, 'Gonzalo Ríos', 'gonzalorios@example.com', 'Callejón Sur 012'),
  (22, 'Valeria Vargas', 'valeriavargas@example.com', 'Avenida Este 345'),
  (23, 'Martín Mendoza', 'martinmendoza@example.com', 'Calle Oeste 678'),
  (24, 'Carolina Guzmán', 'carolinaguzman@example.com', 'Plaza Central 012'),
  (25, 'Fernando Navarro', 'fernandonavarro@example.com', 'Calle Principal 345'),
  (26, 'Camila Silva', 'camilasilva@example.com', 'Avenida Central 678'),
  (27, 'Gustavo Muñoz', 'gustavomunoz@example.com', 'Plaza Mayor 012'),
  (28, 'Daniela Torres', 'danielatorres@example.com', 'Calle del Sol 345'),
  (29, 'Maximiliano Ortega', 'maximilianoortega@example.com', 'Avenida Norte 678'),
  (30, 'Valentina Castro', 'valentinacastro@example.com', 'Calle Sur 012');
  
INSERT INTO Compras (id, cliente_id, producto_id, cantidad, fecha)
VALUES
  (1, 1, 1, 2, '2023-05-01'),
  (2, 2, 3, 1, '2023-05-02'),
  (3, 3, 5, 3, '2023-05-03'),
  (4, 4, 2, 2, '2023-05-04'),
  (5, 5, 4, 1, '2023-05-05'),
  (6, 6, 6, 2, '2023-05-06'),
  (7, 7, 8, 1, '2023-05-07'),
  (8, 8, 7, 3, '2023-05-08'),
  (9, 9, 10, 2, '2023-05-09'),
  (10, 10, 12, 1, '2023-05-10'),
  (11, 11, 9, 1, '2023-05-11'),
  (12, 12, 11, 2, '2023-05-12'),
  (13, 13, 14, 3, '2023-05-13'),
  (14, 14, 13, 1, '2023-05-14'),
  (15, 15, 15, 2, '2023-05-15'),
  (16, 1, 7, 1, '2023-05-16'),
  (17, 2, 3, 2, '2023-05-17'),
  (18, 3, 12, 3, '2023-05-18'),
  (19, 4, 9, 1, '2023-05-19'),
  (20, 5, 1, 2, '2023-05-20'),
  (21, 6, 14, 1, '2023-05-21'),
  (22, 7, 2, 3, '2023-05-22'),
  (23, 8, 6, 2, '2023-05-23'),
  (24, 9, 8, 1, '2023-05-24'),
  (25, 10, 11, 2, '2023-05-25'),
  (26, 11, 10, 1, '2023-05-26'),
  (27, 12, 4, 3, '2023-05-27'),
  (28, 13, 5, 2, '2023-05-28'),
  (29, 14, 15, 1, '2023-05-29'),
  (30, 15, 7, 1, '2023-05-30'),
  (31, 1, 13, 3, '2023-05-31'),
  (32, 2, 12, 1, '2023-06-01'),
  (33, 3, 9, 2, '2023-06-02'),
  (34, 4, 15, 1, '2023-06-03'),
  (35, 5, 8, 3, '2023-06-04'),
  (36, 6, 4, 2, '2023-06-05'),
  (37, 7, 6, 1, '2023-06-06'),
  (38, 8, 2, 2, '2023-06-07'),
  (39, 9, 5, 1, '2023-06-08'),
  (40, 10, 3, 3, '2023-06-09'),
  (41, 11, 11, 2, '2023-06-10'),
  (42, 12, 1, 1, '2023-06-11'),
  (43, 13, 7, 2, '2023-06-12'),
  (44, 14, 14, 1, '2023-06-13'),
  (45, 15, 10, 3, '2023-06-14'),
  (46, 1, 9, 1, '2023-06-15'),
  (47, 2, 15, 2, '2023-06-16'),
  (48, 3, 2, 3, '2023-06-17'),
  (49, 4, 13, 1, '2023-06-18'),
  (50, 5, 6, 2, '2023-06-19'),
  (51, 6, 10, 1, '2023-06-20'),
  (52, 7, 12, 3, '2023-06-21'),
  (53, 8, 8, 2, '2023-06-22'),
  (54, 9, 4, 1, '2023-06-23'),
  (55, 10, 5, 2, '2023-06-24');